tx_to,status
0x1915ff3e36ea61a1a640d242a5dc74676635cce3,1
0xe05d99f6719a804bfd2236f1f90233999c66b40a,1
0xf6a1070fc1e76e9c6eba3478f4b1cfa6081b7a30,0
0xa5dc4621e332ae9aa8e1ca1679d0c3eddb5ef07a,1
0x320c9b3f899dbc10cb790ca9c6847a4bc3351665,0
0x5fb206f37d9f6088dac15c2c7d7b65e844a64ed3,1
0xfb8ac294cc6083d5548840731d55824b27e4acb7,1
0xa9440750961efceebbfbfa2e92daf3de995f8146,1
0x912840dd0d27ea4fc885b8d58ff845f34a7dd84a,0
0xd810a437e334b9c3660c18b38fb3c01000b91dd3,1
0xcdf0294222aed46958c8815d173a4ffa1059cb55,1
0xe5fa344b47e43a2ac5336c7ce620cd828f45f4aa,0
0xca9367a185f2b3af03731e1cbcda516c41cd06e2,0
0x6116736d4c78f1704da51f43f0cf5e58cbc36b5f,1
0x2ae2404cd44c830d278f51f053a08f54b3756e1c,1
0x19a7f238b75d081f0fd65fbd4a04d4afa6fff8ab,1
0xc7a22be106c35a4294b2c418b3dda151f332f4d7,1
0x2a25ed0995b58b2a6782e6b332e25632475c667f,1
0x111111125421ca6dc452d289314280a0f8842a65,1
0x9e5ac6b266f23b8ffaf921f7247077ea93f6491f,1
0x3aa55ae41a0b28474f1889fef09769e423944c22,1
0x5301c7dd20bd945d2013b48ed0dee3a284ca8989,1
0x52db564c4647e96d33744b5f7871bb662361192d,1
0xc86da15855ea1d045add178779f11783a2fbfeff,0
0x7d4b327d955941e3d00f7ca20a635aa170d1eca6,1
0x3d9b874142da0deb5c48dd3b86c3ace4b61b0ab8,1
0x313feac506d709fed8b43769025c6fb887b4f15e,0
0xdea1cabd94c72d94d5f2bc5c2dccd91afe744be5,1
0x8aa9e3d128d5e12efec12cc635b756107547ee2b,0
0x3cd511bd0cd1db0930db4262c824a7ad27b27e5c,1
0xaa1df0d8925077a586851c1b4a410f42d2f9ad90,1
0x07d1f735a355945f2dd51f5e932b2d73bccdb3a4,1
0xb60eadc16ae8503b81099c94f5fb6dafbae95d8d,1
0x99ba46bf010cc71b426a3ae6811dbe6ea575fb82,0
0x6a000f20005980200259b80c5102003040001068,0
0x61f9e12f5f57b9cae926bf7631ef54aa2792ccfa,1
0xf2f8e8b16cba4c083970eb1a0d2fe40e24a95629,1
0x19564c4e8d04c257aee47e5af748e2e84a15264c,1
0xe6034cda2fd1d18fa94c1116bfe829a4e92e04e4,1
0xad3b67bca8935cb510c8d18bd45f0b94f54a968f,1
0xb0324286b3ef7dddc93fb2ff7c8b7b8a3524803c,0
0x22ce84a7f86662b78e49c6ec9e51d60fdde7b70a,1
0xbf23368437ffda1a82058823b3f3a1014007f3bd,0
0xc5fb40911dcec3bdcfade6f23f466c884b53ce19,1
0xfd007e86152e5586da9e282719975d805a47aa4e,0
0x3ccbbe259905b58afa8154a9f27401d94d3c7cd4,1
0x10c112a6032dc97ec8854457fa3961d29db2045a,1
0x324c5dc1fc42c7a4d43d92df1eba58a54d13bf2d,1
0xdce1ed4d54429ea51a47c35471710437b0c67e7f,1
0xb54fad9c07f78df7dc1cac763e99657e95c1c6e0,1
0xbf993f985d0f5e9f6072cfb1412dc68d153c22a1,1
0x6aaad633c0b775e6467c1f3049a94857df3fcb4a,1
0xe90e48993a68e23303b90b1e268bc52630b73855,1
0x9dda6ef3d919c9bc8885d5560999a3640431e8e6,1
0x80798777064730fb55905e3ef2f3d43df6f85531,1
0x9c43bebc4d9e8cfcc48a62fc6056a5ae4ba10802,1
0xb6333e994fd02a9255e794c177efbdeb1fe779c7,1
0xef630da3e0ef96ce54df7ba3a386cd1035bb95d3,1
0xdb32f29bfcb89a08aafdbe78926b1a4b06ab920c,0
0xb23f1cf3d2fa8faac76773c742d771da37aae779,1
0x851b4492bc6abb8653172a68f6806b0e9a5589af,1
0x97fe11032dc13b7f01bbcfdf73a8b6b1d8bd4f25,0
0x9d13b2f6998bd7f61ee49e1423089d167c9cd80c,1
0x43ec469fa9610b64918c3ff65a99b2b52084b7c7,1
0x2f4ddd060c92a861a6019bcf7425027b960067ff,1
0x525b11797a9931a2234eb2b2115660c62b6e3c9a,0
0x8d3c4791e3ea12d72b23687e6643483ae6dce321,1
0xa238dd80c259a72e81d7e4664a9801593f98d1c5,0
0xe5e44e04d3fb47378082e5bdd2eda56245dcd6e8,0
0xfcceb7b4a7f8fb5eb4efe4d17b9ba9be325c08f8,1
0x1bb8451723a4dab093df08bbbafcddf74e768449,1
0x96d0c8ac9e8820981c60d2546542a9477fc6079f,1
0x3583298168d5c2b330afae4f2d2b1250eaf7e0b2,1
0x71bd5e4aa3a1be1e62a7c8b47474e196365a3d6c,1
0xc7af3511af71f0b2c2efed4733a402dcac5b36a2,1
0x928a98fe4ec80eb6a238f7b8b38f7ad931ea5826,1
0x69135ce4cc73e6e34b46788c13fd0fd4d446dcc6,1
0xa6502be7c0fbdc83d18c34abb3b6e7b465071ca7,0
0x3a7bc5f9e41356728f037f17d88c642ee46d1aaa,1
0xf39b16f595bcc879ea831263f2342c383df9bc8b,1
0xfe90e5df004bcfece0d72d85ce4c83e774e788b7,1
0x0fa975d0f051528fcde21f069d24fa0f4b6a694e,0
0x51c620597fc0db264aba264df4b6a00ecb157e02,1
0x0e97c887b61ccd952a53578b04763e7134429e05,1
0xd97e36eaf235d13851065422226ed34ff454bae9,0
0xceccef359b82881a62d643a25eedf8c979b02be4,1
0x8ac21997756ae8be9147cb2ce7ebbb37c39825d0,1
0xae723411d700ec460d963c2656645a3d9527f917,1
0x3a3381c44c0b1232ad7152285f31cbdb96d1c42f,0
0x17cf46ed086ccef3c8abca349633f4546cea1916,0
0x7a2260542012dceb868df6ea633a728aa0469bb3,1
0x1446fa68b62390dc884db2ff320effa209ebee21,1
0xf90ff0f7c8db52bf1bf869f74226ead125efa745,1
0x666aebfd04aa9b72f8abcd414a076066308f935a,1
0xa6fa942948d7caace9a22d01ca1b8b75fe60b3eb,1
0xdece1971c2dfef4c93b3a3f07bbe38d13c11d2fd,0
0xfd109500b83e7c5d78e4f5451cdc65eae4aaf8fd,0
0x03a520b32c04bf3beef7beb72e919cf822ed34f1,1
0x5ff137d4b0fdcd49dca30c7cf57e578a026d2789,0
0x0f5d82130a3158d9f0c8e0dbe072d0328b579ef0,0
0x9e338827d3b4f05f98f565658f41f01d53fb79c4,1
0xcd16a8278db4b46a978b34d36fcda3e61e1b54d3,1
0x58714c4ad258158fea719731eb97c4b6fa5dbc23,1
0xc933fa8a17f0d334e9c35b5f51425b4032c486d5,1
0xa133e7d54d2294adb737bafc9baf9f4d4cb314c1,0
0x1ee5f4df2247402558b1e7e6f04a8ead50b6da1c,1
0xd77af2497feb9669ff20a681ea34adb809e1e58e,0
0x204a6c30cf5ebce2daf4b62b086060b128993a7f,1
0x808e7de969a065a18ada40e1d7664de13498f4e0,1
0xd20a935cfaa20d135cf551f33a81c42ce93ea7ce,1
0x7161f940d3ca88e4035d7b7fbde2a2870d176f87,1
0xe51db6763b02c5fb567eb930670af36fe8aadfbc,1
0xa5d9d8aa16c4ba5d082cbb1050f7e2fad19a4b51,1
0x430b845f246aa3377a2ca80565fa4e8f1d63822e,1
0x5011e043e156d6158438b61a443a62ad4a431dd9,1
0x244dcf0294787301212d838ee3a15ddc7c68b25b,1
0x11cd71167c3d746c804c4071731a0adee5a22987,0
0x663dc15d3c1ac63ff12e45ab68fea3f0a883c251,0
0x961b806ea70ecf10d5867befaa0934667fb43ea6,1
0xefe3b984279f8686cc34a3298a432bed9fe9f27f,1
0x77f2fc9d4d30e4c0e46913cb21e360bdcabfcf8d,0
0xdfe3737ba31e9d3e3273ec58841a29a3edd7bc38,1
0xd5bde4dbc04c340d95c308e2dd4450b23b246c33,1
0xd89566b8bff0966f7e73e06564ce5dab59d279df,1
0x3fffffa6fdd6ae442bb2747269764216281b435d,1
0x863de4cb1ab2d620c365ea4acb4a948511d2b11a,1
0xd9bcfcf253675dfa1ea28d1dc167f302282a3ea8,1
0xc59ebc2e034a01efb83e60b25c3043ccc660b0e1,0
0xfdb3af31d1d4a93c496a986aa43a295413241b47,1
0xf7636d13cbc4abf6cc6531da48d695fd1251c0b9,1
0x8248af8111051f4ab2682a92124e1a186c71c8ce,1
0x66b86f7ee43159b9b457a617225908cf5e711546,1
0xb2c0a8221f782d238f7ed8dec61983a3d2113777,1
0x412ba5a01dd941ff6309dc15c2dc0358f54f2215,1
0xe8e90358ac356699c1cab08ed7c9b1e40f8c8603,1
0x12f2c2f059399865fd4d836e5b30f5f6258f075b,0
0xc5e6a8f5bbc13a85c335811a722a353d998ad56e,0
0xfd331c8f317b4a75938a8843d2fe38a93134b247,0
0x085c026b5c254e2367840224254f3f6f4dbb505e,1
0xf0faed90bde2acfc40d628327e390cc66ce8b16a,1
0x09fbcd95bae347b4817a51b7d79714fbc51b9018,1
0xfe6508f0015c778bdcc1fb5465ba5ebe224c9912,1
0x1ceb6fa2c6bdd535032c8b1b4e00b3159116ecef,1
0x8b0798ff17c5237262f67e8dfc08c57b2289859a,1
0xb9b36e3e0d59ca47e0a96b08d863647b83427711,1
0x0e93787a0f51bb5629529d443aa6aeb6fca03956,1
0x26b6904bd0af4d6a48c43c0c354a6549b6653808,1
0xccac5938fb9a2fd298ecc7164380df3a937c6710,1
0xf76478455334c5fbed922fc41c7ab3fa83fdc5c4,1
0x6d46c8e81aa46e09c9659fbcfa3f0587ef86ce53,1
0x609f401bab74c4edacefdcbd956e43487823debc,0
0x888c8bbb704ecd0ee06739d0564754b4299d2620,1
0xb01f8f528702d411d24c9bb8cc0e2fff779ec013,0
0x670c444f63f7d6eaf2e7df7fa456a0cd9c815136,0
0x745c7b6c19b6bee1edfb385bf91b8387ab30b2d8,1
0xbff69c6f5bb902807b05d0d1a523e3b20b3b73e9,0
0xa7f4e25b8b4d117a98c854882036d49c01b37dfe,1
0xa62ab3efc2c292c7f2c485bb5e5a7b1523ad7f0b,1
0xbc0663ef63add180609944c58ba7d4851890ca45,1
0x054540d07a7fe999a6495b3c1734eaa3a486ee3e,1
0x69460570c93f9de5e2edbc3052bf10125f0ca22d,0
0x0d0e319054c5a87f4631dd488e37f44d696e4d9b,1
0xc35c1b5d6c7eddcd1e42360e443151fe9649c8b5,1
0x0eb5c70f0cbd990e111227ce4dafc31e036f7964,0
0x411bb18dbd8f7059b86d2b885b962d08c36a2303,0
0xd312f8f0a7fe320e956e745a6da8a83d1be064f0,1
0x1307b5f4f528519b3ad44c98cdf4e156686c6f63,1
0x82d3a471943ff652ddb46375081de04848d2fcd4,0
0x9140adceabb0f98a8d3639e42b56bf23d4cae6d0,1
0x38014943778ae75c6ecff468309d328e2d330ea5,0
0xf1ceb16d94083606db7f4d98400554f17125483b,0
0x6873ee5c1aa5cdec7586b47a18413d0c35349c64,0
0xfef58f7cdbda2a2b6a8ac80e08eda15ab91052cf,0
0xa130d45ba91d2294d0fa5e145cbc6a6bfc8b18fd,0
0x66d848dc4978493169e6b156f45666ac86c1a49a,0
0x3335733c454805df6a77f825f266e136fb4a3333,0
0x0c6ad2f0d10537104fac3693235343be7d4e93ae,0
0x9bafa629082a3c9e717e75347d79b23e30f8f726,0
0x6fe48fd3f9b8a69e915141994276225ebdddbd46,0
0x8a743c8aacf070cff044623c9c087005299ed996,0
0xd8eae8333686a1facb51b53fc34414dc7ff76285,0
0xa10020ad6a646a10a65ba49d02662fd4dc9fb78f,0
0x3868b9992de173800649aeb128606fa705f49882,0
0x64f134679d412f8ee579e1304c0b09e99f87aa55,0
0x4201695be7eb0297d8e0a4205d42c9a191f34f5a,0
0x0ff72ca48b19ff2ef2a21af270cb8d864e19ae51,0
0xded940b9a9460cf0795c4495c0051bbf2d2255c8,0
0x6cbb2598881940d08d5ea3fa8f557e02996e1031,0
0x4c33d9b3fdad2a86078b267c8d44b289dce642e3,0
0xc9a1f000612af3bf9a16a9b58a90752ebfa292d1,0
0x0e71bf80afc5d07c32b72108d826cccbe5912bb4,0
0x26c05120c30522a7fe1505e0cb7dae21ead3b01e,0
0xbc33b09acd228c75bfdadf01a9a9f02c416a99b9,0
0x4c98694c0d678a6518625944c181ad4a6564e1e1,0
0xc2e8e1393e9150c1a6ad4f4e9fc6dda1c4817c2e,0
0x2b62f1c725adc85479f0a2b383f42be09b23686f,0
0x32bb90d28ea884587c923eba26ead5cf238db6e3,0
0x64e91232fa6cdc2e1afca7a64aaf3e12e280f862,0
0x3f298e96f4e46db24cdd28ff0f3f47d1fa7482ef,0
0x148a161c95d878c473c20de68e32343cac52ba2a,0
0x6e3e0fe13dae2c42cca7ae2e849b0976e2e63e05,0
0xd27a1e23dcf9c0bbd6fa07a13a6f1a71b496c601,0
0xe2c18dde6a992df2a5cc6ad34ed2672c119d2cbf,0
0xbc3c5ca50b6a215edf00815965485527f26f5da8,0
0x6a67c821504e5438cf84858268a8c373aa78efac,0
0xb1d406fb874d320c4cba3854218277f472fb9c68,0
0xbf450af1ae28dd2e536f4ac65f0c66f886fe7145,0
0xac1326ffe11e32936261ef03b8fb4f7faafbd7b4,0
0x0000000000e6a41ae0e9b9369378dedc44b46022,0
0xeb3b9b064e5411358813322696b6b969456ba623,0
0x42cc6cda468916cb642388bfc50ce76f50955acc,0
0xa2aac8967c1a29fdcf14a75ad608ca9f0f714479,0
0x4da9d9fc564833f2507a7242dc6679d4ba0c7482,0
0xc9556598ffb98319bc500aa3a221cdbde8dae767,0
0x591f89aa9a432a66dee98ce2656b34bb3ade2b17,0
0x9008d19f58aabd9ed0d60971565aa8510560ab41,0
0x77370e55f896c69049376913c9401ebe3a83b1e0,0
0xabfb1bf5421474f012f2ca568f9432c5e8d488cd,0
0x710528996f9ea2e922206179c89e941d05486a68,0
0x5ec8846d4f0b41804fc6f3a09764aad6b4df1581,0
0xaa8fc25fda37281f07ebb013030ad5070597e54d,0
0xab25b99bb2fb8809cf5eca1ac6e74ece9f186b66,0
0xe827d9a730bc35e9bcbadbaae89dee9f6c9fa0d7,0
0xb6f318fc657f3fe599e6888890db8c379f9b04fd,0
0xb87eabafe20a2b515e8be5fcd40913ebd5103041,0
0xb66371827b927a496957081016dee173e1c8af9c,0
0x691df9c4561d95a4a726313089c8536dd682b946,0
0xa1fc424833b251055d6761bc1c558825d80dbcb3,0
0x545e7f4813c9bd922eb5911bcadd48cf815e60fb,0
0x06b1a213a5fa83ae66d37b0bc35c137a96ead5b0,0
0x333fe09105946f5b5c00db2aec72a46a0c3ff770,0
0x990c42397885cad02fb3296f2d0e797e37f2a7ba,0
0x44c577a3ef53defce484df0bb65b493eda447570,0
0xda7628b91fe217efc9ed27d043f097d8e4708685,0
0xfbf41e85101d520d5763443db528ea099abea955,0
0xaa560d5c2fade67cf6836ab793e56a79f09d4282,0
0xf12b70e185de07b7c93d7e32355a569baced65e2,0
0x17517d3645c28b4b6da6bc8cee382b16491605b2,0
0x8689e7c41d3f868dbc17eb3ff3ea808a5897f992,0
0x3bbe98b7640a96bf21b6524e6558debef7658453,0
0xe73e6ae3a8cd892ba31ad975eb9de04840a790f8,0
0xc409d43565038e6e1796d61bf275ab134c656bd0,0
0xc4f55ca1aed90314f2a1e50a15585f3300de07d0,0
0x4c8311edefcb4e8447c0eaa9961269a9601ad606,0
0x96f2f9a8662aadf4ab28570ff6a213c8943d9cb4,0
0xee2cda077ea55325665579a221c9ac16e57955df,0
0x3c5c97b5de0ab7269a118841bd5913030e04ca5c,0
0xda6732281e6f634b4753af1650800d0143589a08,0
0xaa9d229354562b61f404ffd48ba3a13fd17f1ccc,0
0x07a856e20bdbc0a42dc5a2d6dd9f93af670a8c6c,0
0x4454362c37b1c61a21a7006790005715654ba248,0
0x78e0f0f3c2d6cdf92478d88ec589c96808676698,0
0xb33bd24624a508c7c44dca175d8673a9f863ceb0,0
0xa6f872a5455c5e5cdffb9bbf4e01e47c1efb694c,0
0x04da16bdde1bd00cb99ccb83d806e1da81894100,0
0xd2bafc8ce0d04a7a678c0155b68bd9cc29cdf856,0
0x2f726dd2dcb1817bff7bb058e1f1335400499c8b,0
0xfd6917f9289abe92e914f9bf9db9e2a8cb3f9d11,0
0xee4377074d21fe40f756c80610358b1a8d1bffb9,0
0x3058d60bb6ce4ad499732c281520be62dd383911,0
0x000000001b71adb4a8f29c45d9dd5e11c33028a6,0
0x9a38dfd32170cba6d317eb8b792b30c2d67b1ea7,0
0x68985c2752c1e035a6a237a4df31cf67628365d0,0
0x190e68da53832898931453f932dcc33de8a4ea8e,0
0xeb5ce7286d0f9ef35d156d093a500f2f93229e6f,0
0xd0dde30031ec6f06552056a6b0287086c5a9fd87,0
0x0b2337d7a183035e228c82dd24df089922f41a6c,0
0x09085335b5c97cf320dbf6788c03e1f2b9ff198b,0
0x9cd30ca74d94af89f35055718112fde14cfae345,0
0x34053bfb13c7edfda036ad50f6d429fe972a5168,0
0xbc1b1d910fda6ad2558758b16f059263b05c70d1,0
0x69b966a4ea1067042926210945c573cf82d618cb,0
0x0f743bddcb3c3e9948b4f24d81171de60111a690,0
0x56573a998f6237289ce1b7378096e1b7ecc7c5c7,0
0x84d64ad5da46c1bc16bbbb0dcba5a15ef5e26ffc,0
0x99b98b80d17e07dfb03407ba60de4e9ea3a28b5b,0
0x198024a111bfaadaa574534dac4807315552f81f,0
0xa55cc464312a646798a8c307bd65347f4d4ab371,0
0x702b549d2ab34899d4c682b3590f214dd2c89428,0
0xe3f7c310b1c5ec4f91b13c9febaa4a3018d1726d,0
0x18e0441ac2be39bdeb1cf513fce08e410cfaeeee,0
0x0b986c5e9cbb800e43d14689545c3103c7f66347,0
0x1579f18a2976121fa9aa213a154da8276a26e4ef,0
0xd6339281483adc025ffc1c704e8e4f895d33824c,0
0x70a4babb80cb5b144bff97e35b981ac1e28287bb,0
0xef42f78d25f4c681dcad2597fa04877ff802ef4b,0
0xe824b839a0f89ff9841423b69f5cc2a8726757eb,0
0x3a23f943181408eac424116af7b7790c94cb97a5,0
0x977a77d7b1fe9cd3815c53be47a93d905b154b9e,0
0xd747c0fb42aba9b93583a1d59a9914d3d76a82b8,0
0xadb32c683d3adfde9ccd1024fdefb627f8c2ca51,0
0xc14cd708651bfac5efdf48b8fdc93d454290011d,0
0x3b08387e598c59ffd1c0ce9cd7b60683fffdaa86,0
0x19107cc716ac2a559dcb75fb872db1510a32736c,0
0xc7624db06a6e6e5971b1181e60ab925686a92e52,0
0x5fa3231749318f658fa701cc8808f6518b6738a2,0
0x760b61c7d67704a6c118c17c0045c24e50e9ef57,0
0x61e9a610c1f47e3825bc113a190556bf8d8470d6,0
0x5b161560d3d08b59dbf150c1edbc77b5e9efcb5a,0
0x861e72f80324ef6d66000fc72abbf3b8e1cc3f67,0
0x24f82d8a0f48777c049a82597da794c4c34f830f,0
0xf5bbdd5ceb78eccb4423fca6b44927134044484d,0
0xc50cd1da00786df0a1a16b1e7886be4d0112569b,0
0x7f53753c329b284a058858d5a3a2e2e0607e01a5,0
0x000ca429b5aac686ac2d4c532e6c9b5a5803e2c2,0
0xa9048585166f4f7c4589ade19567bb538035ed36,0
0x693288c8f52752d921b03e8b0229c947f857d1f7,0
0x31981bc5bb05e6af557c0be75b9cba4e97852c87,0
0x1212874350c3fe4666d06e50be72237531c4a3a2,0
0xf00000003d31d4ab730a8e269ae547f8f76996ba,0
0xbf399f9e9423fb408e9d36c9a883daefb776884f,0
0xe806bb3ba5744839dd4b702d19c29254996a104f,0
0xba12222222228d8ba445958a75a0704d566bf2c8,0
0x3f643017e89aa69c5cc68a5e4779b360b86256a2,0
0xcc1a1222dad630f8978cdc88eb4c66ca01504648,0
0x0b8e7f65c2fe9e999e06109b4f0d3e7152b9b22a,0
0x20c17ded473035ca78c7329ea1e925a82d6b3e3f,0
0x0e386d93fb130dad2c9675eeb870834ad83b6d4d,0
0xd28fb411e9b004feef57312c12f892504dcd5463,0
0x410b72ccfeacbb20a31785edaa358d25a07e143d,0
0xa1d05873ac2f105132c91266e01613021548efd6,0
0xb3542abb28026b39ebd75b11f73b9d64354855e5,0
0x8a9e998249b62e742f6e1f32704b711e1aba4515,0
0x5965851f21dae82ea7c62f87fb7c57172e9f2add,0
0x3177a36f3113afa4648e02a8dc445e623062aa68,0
0xe2b28d5e4706becb0709d7b75c0a787b1a954160,0
0x656d4d7e4f7d1d85aab0b939fcff2f36f5c937d6,0
0x031c304a187c9ffa3009fd50427b4f7a03d5c564,0
0x8e1a95378cdea7762cde08cd07d296efb442250b,0
0xab60f65f45a190df628425507d5afb23a7751baf,0
0xc4133acc71e66f8aa190bb857550ec789df8fa51,0
0x53d1e09e81a4c913847bc10ab4e3319636945800,0
0xe6825cf1b508e4a53c811a41ab9856b1afbf6417,0
0x887a7a23f56b04470a81eef5e6adf8098e99c9ce,0
0x70908cf7734db0c6af1bc946b84e5e303f88f368,0
0x7569201fb64c562d1395dcd0b9f0e0a7152020eb,0
0x3721b0e122768ceddfb3dec810e64c361177f826,0
0x8c23b8d23047285b4d167791be6fa091923f5674,0
0x84e3b77cbe0ba81a39f240e87c38824b8c597b78,0
0xae287c21e05fe7ac11954a0689383c488bfbf294,0
0x58ed61779ba6075be1f9b526ed0b055a89fcc431,0
,0
0x6b3729c056d060ac8d0cf7f1c334d4bec289453f,0
0x8e42de429dbbeee4a8141f686aba669c7d55b714,0
0xbf7ee384f4cc4c0fa8cdff33b8d2ec4066d307f9,0
0x67efa112ab5ff35e857be5832fa969c426cd8ea5,0
0xed9f63a4b847e6b7ab0b7c6433eec3e2a78ec188,0
0x601808fcd0b348f1112b6e46df47040911add4c4,0
0xbd6fae1f2773231a6aa9f6d25351fbd98c79ace6,0
0x965ef0f6ed305c4410b92f762f81f374e520affb,0
0x163e4596f5524317c8a0bc85379bc225cfa39d36,0
0x78ff6654afb9487e07e13614815b59644d978324,0
0xea0f90f595d4e8e5bf92bc90b44248eba915e1ff,0
0x9deff2a5dd53edd70bbbd51da12131f4348536ea,0
0xa443eb49330c4db458f888b008c41cf7355a8585,0
0xdd695e4dc3dc2673aa1a3b482360003c33cb42d4,0
0xa5e75e9823e26d17aca8293a72766fe073a4e8bc,0
0x8faeaf6a806f3fd4bd318bdcc0ac363fe7d14421,0
0x9f37068a58de8a2adfaeca4eb01794e23868365f,0
0x79063e9e12e97461f1e7fc9a6f30509289db33ee,0
0x22f747ac1b9f037e789b0589bb7f6cc6f691ab58,0
0x397a730f44c5da26347865b82f2cea14445d112d,0
0xde64812a21063162c773a7c3fea77b074f9665e9,0
0x388bb12706b6ff05c5a042f2b83c07bb3689460f,0
0xbd48a2724750f54d59ef52f5db91902ac4e85a67,0
0x2204afe262dfa4ef655c74dd1ff9179464a9ffa9,0
0x7dc137d5e1e898a136900a25fb7b11d8fe72d3c5,0
0xf5fb3da26745a6985f517f31d4b389aac7f8b1b0,0
0xa86b598e791eb4301d8f1aafa4d7e721e068739d,0
0x0220d7644aaf10b319cfdb966511e76c596eb71b,0
0xad8b7f14aaf8ad720f9aa2043612fca22f7012ab,0
0x5068269bec707e1973e298c7967e5a80abba2c09,0
0xc3f0770f59dc26da0106b2be8240c7e31e43739d,0
0xbbff3d5781608744afb6da420ee7e621fc4c8db3,0
0x3190c37c59dbede7e09bb35ea93770d9a0d0ec66,0
0xf01bc9668da1f6e8996d6ee99ff44ec7ae859ecc,0
0xc1504657520ec3457db149db644cff06e928deed,0
0xa42b47dc6cd8ccd9d2e3b47005039e881e01e5fc,0
0xa02f2305c9d27d10d025f9e5eb4419621e4f0c72,0
0x2feaaabd9704f005e936def5a866b9fcbe56fbfd,0
0x96182623d1f9bc43156c500fdc2694cc0cebf301,0
0xbbc1be41d11ea04136a343e5aaee8dff4a805086,0
0x18b6ceeed89ecda5bd6a61f332bf2a285e063c5f,0
0x781320d4daa006cf30d9cc23327adf068c10785a,0
0x2c6cfcb2c2b9383ebd9f544b47e65a46e78e022f,0
0x4c4af8dbc524681930a27b2f1af5bcc8062e6fb7,0
0x59db033d30f8cfc455558e9eae85e96dadfd7233,0
0xf45d4eea206db65a975c9a8eb450616911741c9b,0
0x347cee5cc8c6fb4872123b40b799a8750f0e7ea2,0
0x05f35abff6675c70ff7a63b2eedd7d4ea826ab5b,0
0x711d78be2ba2aa26353906fb2a0a26d27ea9245d,0
0x48d46cdc21d7a8b9f9eb1fa187ccf11b428b4a87,0
0x6a07fd446d056a57c0e9e0f9690590da52fe989f,0
0x536296d432c60b37817bfa89d2660a713ff75099,0
0xbeb0b0623f66be8ce162ebdfa2ec543a522f4ea6,0
0x0b8659f4acb22fc3226370eda4722d111b7f8713,0
0x6ff6a738233a3b728d4a67ea92b0e2416e316149,0
0x3a58beb5989a22d78224726c53987131152570b4,0
0xe6c65466c9e9dee81abaeb95673ed4b89db722eb,0
0xc0ec5c6aaae578d6f52274c0d8bb40e6b8eacdcf,0
0xcf713a83129df7be01d5f0267c42dd9a57af867d,0
0x0000000071727de22e5e9d8baf0edac6f37da032,0
0x3cfe3188db1e9595996293ee4410cedd2bf8c944,0
0x76d50c43fe19166193430552c18c705884f7d627,0
0x85db15338c24eec4dc424ebaeab9c6694b67bded,0
0x545826913b68541525507b6af3c3b7f9d3746c83,0
0x9e6d722b84f5755c80c3e7854006376b03400819,0
0xb632b8f39d906fd8fc18086ad11505b5d4a8c2e2,0
0xdc094859c93c816b14f04cfddaca6a35c59d475e,0
0xdb53b269022b9ada81f15fc62a294950e3aa8f83,0
0x99fd38cb80aac6b56db9321464834d595173fe1e,0
0xb697b5d3bb4e62e8b7dad04d64c56721d00cacc0,0
0x0c1580654a5521e415fbdc7c0b1992436cb5af36,0
0x3909ad83356d1e9e5c2b8530d17336cb6d546d9e,0
0xc9854d7030d3424ed509a8560624a6f07c740c90,0
0x80fa585d22cbed96d4e8ad9789b62b4be8e7f70d,0
0x0adf4b127be96bfc3cbbb400caa72becec37b068,0
0xc23cffaaec0f1ceaee6323600e41106225b58c58,0
0xd3b106e7ce20f40860fe11318f2d2475453bd50a,0
0x1ab402801b88ad9384b7083d5bd24db7b55f7da4,0
0xb62f13126fcd0dd49de8ff811406554197bd0e11,0
0xd07a69992e50b6046e7ce2d32de7f2f62d19f54b,0
0xbfdb6140a85d669b136579e95e7673f27ef41bb0,0
0xe318c1eed0c982dcd131608acc4b7c4785a830d0,0
0x0000000000007c4cb8129fc2ae24463c32e5d0da,0
0x56d419d0ae59fcbb9cc622660c96acafab74d7f5,0
0x3078d82a0833b7331daaa7d9eef79be77beb9539,0
0x10c8aafc625799afdacb3340754192065065610e,0
0xfe9b06457309ec0d4267a50650687ca6fe865b8e,0
0x475640475571c3905cda5cfe71add26e199cd6ab,0
0x86cc60e8d13aa6c4e3ef6aed837324959056319b,0
0x478d1af53481cd4ece2738a77fcce58e1def279e,0
0x00000000009726632680fb29d3f7a9734e3010e2,0
0x44753d3dc3b152545b3746734ba805296fd80968,0
0x4dcbc4967abe874cf161086e241baca47f88fa9d,0
0x3ec4a293fb906dd2cd440c20decb250def141df1,0
0xf855aa266f7106a1765c1349c434fbca2fb71af3,0
0x39848b0b41a3ef1494e15c00a733523afd40a8e4,0
0x5e19ff6c76960a1e55b278902a9dd99b0d79802b,0
0x1f66170858ba9c076f75bf92f6845ee1dbc4d8f2,0
0x24aae6be24a9f544236204d51807b22bb69781ba,0
0x8dfa6eaf23f4fd016731161f8ecd68021b647ac0,0
0xc9f5748be974c2a5cfcdd9fdcf62a2d245ec9509,0
0xffc4b196548820f641c522de7db6d015b75123bb,0
0x5a44107611374c6a2a2d138ef28b87f94a24bc80,0
0xb8c9cebf4a9b002529f6e599adcd4ff4f5fdfbfc,0
0x2cafd066aaccaf83325780573ac79a47b06b3bf9,0
0x124bdb5de060e7ef46075ff7cf94dc92f44348a8,0
0x497f8b174ae02d79ae68e5298c50d26547387a16,0
0x2fab2726c3c483e9328b92f8327c3f2fb1d2b45f,0
0x94d2545ce87194f7d942bd526166caed54bd297b,0
0x254d32cfc92446010d8d97bfe669172c57538813,0
0xb9cc81b8cd49d729e5211b4163f70e086ad038e9,0
0x740257ae24bc213d468f525f6aff1c0348d10c04,0
0x9903fbd663b3fcdd86e0414d4abc841fb3534ce9,0
0xa78c4fe3031b724f0fa10a8460bb2a33fde96ee1,0
0xf9cfb8a62f50e10adde5aa888b44cf01c5957055,0
0x42ed9c0dbbe5b74858e4b5ec3da6a70bd4e96f5b,0
0x000000004fc128aa2ae7f756f35108d2353a8f63,0
0x42366b6001ff6d86e01b1bd3ea355118593ff27c,0
0x90cbe4bdd538d6e9b379bff5fe72c3d67a521de5,0
0xaafcf1ea3e314f77450e62843214f636a892a393,0
0x1386a7208ad4fd43e94b733a5c8eb50571d038e8,0
0x8e7088d92b0fadf0d1167caea7adf152e475ac11,0
0x588548a034b9033565f93c0253ebeb4c4c3c754f,0
0xfcbe4b0ff0cbce2eec04cc7a47cbbfa32e16eaaa,0
0xeaf26f44e74c6b2af7f043ec53b9e54613a1f2ec,0
0x31fa75533937b4871df1e9cd3654b7cef6055b97,0
0xdec80e988f4baf43be69c13711453013c212fea8,0
0x7453b63592094f1c14024a02698cbce0417b6909,0
0x0d5995ced85d26e2253a8295ec5ae0bbfebad10f,0
0x78ffda6e4e0ad86e11ad827977ae0247208ceb51,0
0x0f09eff73093d478b1fcadd2741bd8421089f30c,0
0xd0ad4e29520a35d01fef116fb6a42b87964d7510,0
0x2b24051780aeea28aec159ae8e46528fafe5446f,0
0x2c40cd34f48a677807cc443e2d9594b6651bfb2b,0
0x957bfec2c8f0820a5dc75135d575299616f85597,0
0x0308c2521fabf7d322afae0ddb95090c81136931,0
0x6e989124db8397d0d453c80ce824de4df3dca16b,0
0xed4c2d83610df3496f293b777082599a061df499,0
0xedeafdef0901ef74ee28c207be8424d3b353d97a,0
0xbb90418ba69ac2fad53b574df91574a1b7c40801,0
0x248db894b4aeb286887b3cfab7b616b2f1b8f6fc,0
0x84031bdfc7d9f6d0a997f5a39a4fbe47432829e2,0
0x075b12b9174c8c110ce2350eaba3236c70577b70,0
0xd3ea49fae0602c1c80cf142bd8cded640a3e1b92,0
0xdaa970e8ad238ecadda83fe5889e7ace52fad991,0
0x58f58ef8b27d6b28f53232ff4b2e242842a96943,0
0xcd10d918fe0d48fae1cc58d487bf54c2b4592359,0
0x4d6eb244ef9da2c1caef6dfc26353a2d8688dc30,0
0x1af6c0f88a4ceac25795c956f4b50f121755f174,0
0x2e55f6059c96f454ab220cadb491cfd4b2f519ed,0
0x0e1b37dbe34d12e204f68971ab29af23fb3c4e54,0
0xf1fc8c6190256f076aaf4f3a5f65642e166fcd03,0
0x560e49b0b233861e52eb57b102b63dd5e9595db2,0
0x89937ebd3ccf58c4c2acbcf3abf834aed1da7607,0
0xd5c06d47fd6c698b7c2898eea51fc2c75f42223c,0
0xd3fb2a1d8ba9bdafdbc1780a1feaf67c347e6ef5,0
0x48776c534209da44767d524c8914594ab444d6a6,0
0xa609181166df117bb6752a8752428d55d03590f4,0
0x9cee91c99de669467fb7547f76b21c99c76ef931,0
0xd873c71daa672fe86ae17cdc650777d6fa3b3524,0
0xe68a18292ae7395ac7e796b75b4bcdb87e345e48,0
0x5d64d14d2cf4fe5fe4e65b1c7e3d11e18d493091,0
0x431557a2a7a830f24fc114809bb5204a90aa9982,0
0x05729e0e1bf3f9320e96247ab28ff79d0acb4b05,0
0x3a38dda86df6e33866587aa98ed5459585c8316d,0
0xf66dd342b3f829b938769762bafbd5813c814eea,0
0x7eab5d79c28ee43a4e33c561cc4f9dafd101a4f4,0
0x9e42286098da10a8cf0dc6c5e881476237e8de33,0
0x05a22dbea5a8c24c5711fa1fd0838adb022f195a,0
0x74d252072355b8425c5596cecccf3ad48ce055aa,0
0x7f10e5ea9f290ef78f4a9b17913909f1704dfa7d,0
0x4f9bf74aac66b7a12cb5fb331ce1284cc9431960,0
0x46f97f9a8e648911ad0c36a487b103d7b2b6ee8c,0
0x6cb442acf35158d5eda88fe602221b67b400be3e,0
0x326ea62c345b639d1bffc5b60f060f334d1631d5,0
0x45954c700590fda633bffffc5e213181fd261fee,0
0xc434b4520cbbd17c9e4bf11e5bd3287f6695f9ea,0
0x07691d7c4b00f2f506bf1751436c40206cec706d,0
0x07c01ce0766ecd20b018274afd8d6eab4099f2b1,0
0xdec3c1bbb2229ded6e76ef5e11145890d22eb55c,0
0x4794b321d00c1e364108c9421b763e12e59ad2a9,0
0x5598bbfa2f4fe8151f45bba0a3ede1b54b51a0a9,0
0xe09d83071854ccc84de716bf9da859e4f255b179,0
0xb9a7f9ded29683a40831dec14db862c2cf569c38,0
0x12b47dddcb328f082f8a78570a41feaf7baca831,0
0x911700517daf3e6c2b92d56ec399cb2292583b59,0
0x14473c130c728e0b4cfa6226ab44c296fffa6003,0
0x486d92a9afff93b671b0398529d414876abb6dfa,0
0x0f3fcc3c1cb3eeeaadd908eb3780e4b02e61e505,0
0xffdb98c4179261e44f2b044dfe31a1e19c46aa34,0
0xcd261621bc184e08e4e8857a17e1ff728fefeb98,0
0x117217adc7141ed79df2af6a86503138bab6e16a,0
0xbc1d7a88f4fba07ad48c01b946fd8d7b5c86d396,0
0x1231deb6f5749ef6ce6943a275a1d3e7486f4eae,0
0x0508a2800a9ccde7df16ae0697d48606550caf9d,0
0xd59cdcbd8462dcbde99e14a7e42d7b7476031f58,0
0xf9d64d54d32ee2bdceaabfa60c4c438e224427d0,0
0x4e210e91417abba16c8cb75d1c78e3b01629e31b,0
0xdc3bb2375630e7c7c0c20c73168641c962de07f6,0
0xb75343dd8b8a51fbd1283f279b1add1968a3ad3b,0
0x5676286cbf9b3016cfc8047ec1cb8a2c7cca1bee,0
0x0000cafe6de5a33c62755e37326fdb30f7bb52ee,0
0xe38488b1ed1b4fac36c6d27879569aa282e46443,0
0x9526dacd96654b6093668b72e8d7bd487d7fba3d,0
0x18986c89f91388d9ece848a36c6ccebac80b9605,0
0xefacd9e88ea76bbf68c229de50c863ac1448626b,0
0xc606423a1c8f4f227bdc969560bed97f4fa4e87e,0
0xe487a4b6f394bc8b42230884fa3079bc4f1f8b8c,0
0x8b2d17a76c54e6beb233c153bdfcd38a181bcfa3,0
0x0bed7a3c13f2609d15fcaab452f45884736ac840,0
0xdef1c0ded9bec7f1a1670819833240f027b25eff,0
0xa1c575aa093b045cd5db2af1693fede67b024bce,0
0xe45cdffd56ba7dd59c08459acffe436861b9ed06,0
0xdc2cccde78754d5ec82ea2caacb917e1f1437568,0
0xf7a422452317cd63ce4b257e7bc91b91b243cabd,0
0x64a2957a540706ea4db343056e7c9e4eb8719e2d,0
0x4e77bb5770ac10017cc6c379d9cc05c2a008a87c,0
0xd786d53d88684aa8fc614e38d13509f42329b89a,0
0x341ff4c0a3908d5da31a071fbb2cf85beda99975,0
0x803ea69c7e87d1d6c86adeb40cb636cc0e6b98e2,0
0x72bdcfac96a917c29afd15c323394d2d80bc3b9a,0
0xb47188657282119fc8b99281b38db465f0a19c7d,0
0xb300000b72deaeb607a12d5f54773d1c19c7028d,0
0xb79dc82f8a96a113efc5d0ad81139bfa867ba73b,0
0x1ece51e9dd933ec5ea8deaeaed7e037744ccafde,0
0x45fdb74616f7df51711c01f91ed027b96fac2a04,0
0x9e03b57962ccacd0da0c8ab69f6b5c3724c7020d,0
0xe88f6aabbf5a76fef1e26d5afc8b35b477edcb05,0
0x20ee3ca1fbda4cf170c02dcfe3e6480832fea5e6,0
0x94c464c5074b432bc5f41d93614e95ec01c11bd1,0
0xd5efbb659d2fcdd7b0f953a688c0a0e2f5ff76a8,0
0xfc7e68303c5323206175649d2e17d97eefb202dd,0
0xec4dd5b2db0bfa3c46e2b2f11708c71499834def,0
0xdcf69f9f1bef13fb49f969214b698e07d088fa41,0
0x459eb2d7270d974bbd0f6a7dee4919daf7f18c66,0
0x8537bf48201688bc2d02cabf27245ff52bb23008,0
0x8f632afacb00a47c626b05e3adefe2915cb16d8c,0
0xbdf8fda3c464a8a2ae59446b9aa3b7376a20830c,0
0x41aaba4faf6c37a2fb32b6d6999d863bfe6add02,0
0xc020e6c22c991911fe731b3d059249215835bf9f,0
0x56256d7082131356fe5ac7482a5ce18adacffe3b,0
0xaad0fdb568f12be9932ef0a48aad85bb64e2eadf,0
0x174e340f1f4161b9f839c19b2f4b27a5d93be44a,0
0xf2614a233c7c3e7f08b1f887ba133a13f1eb2c55,0
0x7ee23c81995fe7992721ac14b3af522718b63f8f,0
0x3a4faedf2417f5110ec60d1afecad3db10f1455a,0
0x51d48f9e634e9290bfae78453fd7aefaa3765fa0,0
0x1a58743176ab4cc95cdf9ce5e631d07cc779d862,0
0x1f8026dc59c1946cc2415e002865074a0f6dd47b,0
0x00c4a9ae4aa903b5fc0613380ff87223f10c4328,0
0x86edbb188d4c4e88aea931b3c099fbfb9a86b39a,0
0xcb566e3b6934fa77258d68ea18e931fa75e1aaaa,0
0x000000000ecd22cbff6b155027e6fec538685d9b,0
0x31f82c9927af098dce4a7e353b54fd164e5c0f93,0
0x2dca4feda8e9a8ee43663624b6c90dfbf4565da3,0
0x98ac5991637dde808766119ed7b52c66d3dab488,0
0x7e83dd2775bcaeea95a8b213ae4f0104e5960c72,0
0x7c02762f6f5448f4a1121940c37b71f99f7b251d,0
0x90613e167d42ca420942082157b42af6fc6a8087,0
0x9d3b826dd1a14d75b08023ee54b598fd11772b0d,0
0xd7f1dd5d49206349cae8b585fcb0ce3d96f1696f,0
0x5381141b4365234f7f20719f8b0692281e76a6dc,0
0x0000000000001ff3684f28c67538d4d072c22734,0
0x69a912dc7f6f40f2ccb2f6cdb1ef990b8a075d46,0
0x80eba3855878739f4710233a8a19d89bdd2ffb8e,0
0xd1ca1f4dbb645710f5d5a9917aa984a47524f49a,0
0xd5f7d5d6f5498b591447fdb7e0d86b87ff7a901b,0
0xd7a0e6142c4c6fe697cc8fb5126a5831eb9ba4d1,0
0x7e17a96ce4d8f1f4c4866efc22d34a6680875f5a,0
0xdccb261ef65c38e2ba653c9d5aaaa70bc7929e4a,0
0x82a9cad8e0d43ec2e670c3d16716ac558d329419,0
0xe02ad08fdcef72250844940a0627e22f4a0116ba,0
0x681f275aa9398739dc3442ad02b872043298f464,0
0x299c3d384542ba6604f962e4897fb1b4c138c63b,0
0x105c14a2c09a47c8c1f9eb7c1f9c027519277c53,0
0x06ccd6670d16fec85ccb4a2e4baf6b9813c204ba,0
0x79d706e37affb1a5f537c3f0729afe3841a81b29,0
0x4632e0fa35054106020a8af6857cb91823138a4c,0
0x4752ba5dbc23f44d87826276bf6fd6b1c372ad24,0
0x7ae782dcb73d02b0510e9bdb5d5720b5c493dcbd,0
0x25275f5f3798c2a500fbfb544c12e3125988e67e,0
0xe0207c9d4873cfc136a39515cab56efb8e49a48b,0
0x43408f2bcf728ac16f877a0a7463850998d766b2,0
0x0cc3d4d77a2e108a90a642c564cf44b11e831be7,0
0xa9c2ba3d048614941f3eee2b7636d696baa86d82,0
0x62c8979ec82f91a78e353b5311ad475102a1855d,0
0x38233654fb0843c8024527682352a5d41e7f7324,0
0x8b09db11ea380d6454d2592d334ffc319ce6ef3e,0
0x27ba924b485941241e3c518d942cc8ba45864c09,0
0x7ce84b63f588e31cf3bb1a85b42c9b8546909bfc,0
0xb869a6ae68dea357374c4baa01164ad6a94c3a8b,0
0x5b9c5427b6d8d4f0f2b467b65a17d40f29d54550,0
0x0e96db0a7be6922faff38046b586abd9616f8d26,0
0x7713a4e60e0d8a2cff30be57f5efe9e31ded564f,0
0xfcea134f3e5c6d72b44df745e6b3f8403d5cae8c,0
0x141a14e0a08eb11515deba32361bfbc00473e5eb,0
0xd97802b44fbf3a0a864ec17dcd30f8a5bbbf52ad,0
0x58247a0934ac730215dd52880493a535ba9b5802,0
0xc5e24466540b2ea2cafc6694390370cd970e8920,0
0xc04eb384bb9f0872a3cb41ba74867936d3fb5162,0
0x086aff6a6ba3646210b8e01333db73b31dde70e3,0
0x808a52f93c052a64213d083203c7fe439ad8d10e,0
0xb7715f8c6144c1bc9726665c54e3b12f8afce610,0
0xcdd0ce9211483f880dae5f5f2e6ce5fd433d69b5,0
0xa49455554bd495e15013e409e2131d5a23b4032b,0
0xfad7cb35ca1bf6070bf7307eaedda4625637befe,0
0x58bfaf87093e71fac44b84b8a86c7b31b9609f69,0
0xe018f9209d205c76517075ec2376e128bec9c871,0
0x2564f74bc8f455adaee9c38084035d3ee037dab6,0
0x64ac0d5ba2933916f36eae67740b13a0b689afcc,0
0x8ac759f5f899c097a6cf8b70fbf810e16561df88,0
0xb3e6933a2e5f95e61e754f8b6341c9d09c046d02,0
0x54ece1a8c79fa35ec1d977db388e62644890e4a5,0
0xc1e281d64700a8e478a754adac97fa351623464c,0
0xbed31bc62f4cee7fcc3e4076d3fa232549f0eb23,0
0xc2d6011000e06383d3012be00066390602c38905,0
0xf7ab1f862a1ebe95e54591e78e38bac3d194708c,0
0x10895183644d49954cc32e8122fb5fa40d77029b,0
0x9140175784778375ba6fd9f58ef3d38f01d61bba,0
0x5c8a21856558f7a54761793e17a6066ec6482178,0
0x3ce6aaba264caf8b3242bc2a1904547c73eb278c,0
0x4fa8c004f27861618804b03ba9a21a2562917e2d,0
0x8da11e604c75951a1fa161832947e69aa3009b8b,0
0x8b3e765fe3b062cc69c98e12b308ae2c3759a7a8,0
0x55f5f976b351273bb97eb7fb23922036136701f2,0
0xdade45a1acda95c981040aaedb6fe30cf3bc6084,0
0xb5cb05556197e241cc6c241f3fd34fcb26d5c670,0
0xbf7c1e5644af2348b11927dc24138a7408584bcf,0
0xc135ef51040952503e49ff9a7a30675efb70c741,0
0x8930185d0fa2760dfef3fbab6b12c53efd30b84a,0
0x61f85567bf26892373639fded4e9025602a23744,0
0x277552700bc67ffdb0fcb01c02355ca931757c23,0
0x00000000559aff136bc7bb9c572efc25bfec3afb,0
0x93fdb2314164bde3c679d2011e93658c970d33aa,0
0x742f5d6166fd4ce04f6f66b07eeb49753997adc1,0
0x7b6156f143cfc6d93388fe6d86f2a32db7b05ad8,0
0xd8d3c0866a7da8659f3c048646e4febe6ae119a5,0
0x3fc91a3afd70395cd496c647d5a6cc9d4b2b7fad,0
0x77fc3dbf1021c0bf6716d0f6d3163c130bf3c0c7,0
0xcb24ace3bbe95c04548c27d7cc9ac527d03244d5,0
0xfe1b6e1cb58f29d6a5c0e4533bda4877158de6c9,0
0x7c161d6e253fefcf569817c778aa8db3468fd708,0
0x506667f1bd816969fba4ecb7b92a8ff1e121df7d,0
0x0452566e523f0dc6e4deea8595ba42b6c389e8d5,0
0x27dbf86ec22fe119400b7c3400ecef168c21b0b3,0
0xbac000a86039e669bf9d659ffbd474734c59a8b1,0
0xfb1480ff822f8c2f4d416d7ff55fad01459fb233,0
0xb14df7dc4ddcadcb8f2d9b6794840524bb0b6be3,0
0xc0d4919ab159a4aedb96861995e4c3b0d5ba5457,0
0x3aa35c9f487fa885c550e54a8ab1730abc585fd7,0
0x19d057f3947bc627973921454797aaea6f21bcd2,0
0x2c3111838bb3d9ea8d382a64875d635a20da021a,0
0x4659e3f1a7ee3e9fc1ad6234bc59d23810a13ef1,0
0xe20fd0c78427e28fc666169b0afd153733761a94,0
0x5276933e00a7dc28455c45bbe894d7419a7deed6,0
0x43e0dade01f966fb9d84167ecbf2f9b6aad6894c,0
0x7e5f8026a7569ff59e9b051ccc812fac2f574097,0
0xadcf98cbc8df2ee6894104ea96c763049c96d6df,0
0xbc2d4995ec7131bfc6ef2a333dc39159b6dd6206,0
0x8794267d009c7709187ce857db1d9157b1c10eb6,0
0xdb13f27d2169c3b6948ef7bfe89e0dce4b48ff9e,0
0x50f3daf35817f568e89473e34e9e82ce63e30a84,0
0x12f28c277776ad76c13b511ac42d8b715bde2688,0
0xdca86a710681486284cfaf6a10460c231d625928,0
0x9679ab47aae845a9319cad357a7af02e0a3b6a56,0
0x690c775d5cd3a376ced5189a04c0783b7ea744e2,0
0xe5402cd92ce5801403108d16c9c6e0a9710355b0,0
0x279f569c746c64098c942f875ca1a60974262b37,0
0xa1ab262a29f7e6e069410c09b9671a84a5d88c3b,0
0xa3012a977e0da3b1378b7184b154ec09e5f8751f,0
0x161d3eaead35ce8ae1c128810c31acace4bded48,0
0xe3cee2b608929c2cc66ff9c3239d0f69f657f1f1,0
0x47a302c549d7c7d4d534874140a8001894cc0131,0
0x28a7181cb2b29f5e1f3e603738a1fcef02e6d731,0
0xf922fe6b43b791197161d55feca9e020bc23e3f7,0
0x7d063cd982352f82420e494ec84e52f58a5f7114,0
0x89d51b47e3eb6e97076b496beedccc79b0997d0c,0
0x9addd9dbfee549a920d79b46776d7eed0a18d2ce,0
0xd23a16a91d3a51e8205c1dfdf1e538112910109c,0
0x741791941f181584376484f44515683210c0a0a8,0
0x17e8d2f14b1727ed0776d187c675498496f8de4d,0
0xf66ab55d9452480d6ca48704734e98e16f69ebe1,0
0xa0b1555fad2445621591f7b1673f7911b0f3d313,0
0x4100344fde4896b86821f4d87fa7ac221cbcb5c1,0
0xa195608c2306a26f727d5199d5a382a4508308da,0
0x42c3b3472ac0bb4b41d0801464ddc1dc0c0ab97c,0
0x6b92b3c013a7e04db7947223fb5a95f60c0ce68d,0
0x83f1171444f5a827262a2b10a5646907a1822203,0
0x0c02e8966457283082d61c51e87bb881efb76b0b,0
0xace9182aa0e1c10005b1173d8ada776f9904ec9c,0
0x11c6a09f14b739cd39ad526b2d3f4049cca534ee,0
0xa1e8772d3c3a3e291f2a663eba712036b0dc5418,0
0x499bc583960fe44dd1be8de933dcd4b21e6be3b6,0
0x888888887a487f209e31a692b227d8d1ff9070ba,0
0x6ec110c11c6b1bf0c457680c8bc2ad52a8ee8b97,0
0x2c08c7a0d6dca4e0b1c51d59d3ad30fe7cdf557b,0
0x398f341eb6cd97ee6db8c88093dcba400a65248e,0
0x037825a48c555f7401867d1afaa792d89d13f026,0
0x43665c5141892794f840340703d9f35eba94d4ea,0
0xbf45afaa13c6648ddda5a29bbe25ee92563e2195,0
0x59e08f06ef49ed98c0f3612f92e6f2d8e337165f,0
0x0000000000bbf5c5fd284e657f01bd000933c96d,0
0x5115f8ffa58f8bfdfe98e4973efa1de6ab194c66,0
0xa4ee250c831979e34293b626e800ab05693677d7,0
0x1e77abaa7d11e3d809bbed1757848d5fbf79e807,0
0xfddca5140808e32b4fb2e0a5c4562a03b1f22170,0
0x20e919af3e08960cbd93b001fbdfa38b622951ba,0
0x0d87791ad1f8cc4bdb1c07f65a5807d30f2fdc74,0
0x71658110ba7a633bb9290d177575d68867484251,0
0x697c92ab0d494b53ce9a67f7053d89f612ab3bb9,0
0x66f0d0b29e4665b2b992923a5db71da652986a91,0
0xaec12aadfcb890f9c9c6b4cdfbefa193facbb5e9,0
0x26249b17fb4ee17d8727943505db345be43af0b6,0
0xcaf47945f1f7a3dd11a3882725b28b9fa83bfdf3,0
0xb9f663705581472a095a10aa531786f65850c979,0
0x87f9afff043cbf187e07d0a6bb8e96fd610d47ce,0
0x697b869dd4c7277e31f8f5f84232c18b2fb89113,0
0x737ce79b8b992515d60d6918490fede3bd8d71ba,0
0x6fd481970744f9bc0044a81859fd92431a2dd67d,0
0x30a6f90be272850ad590f517a9cc33844cbf131b,0
0x485eba488b2669d67627ae517a6a19d79a246aa2,0
0xe14bf8ea56d59f8ad9db5b8533c0bfc36cff66b0,0
0x88e7d4457f100a66c5f19327193fdc816976769f,0
0xd0bcba1eec5b0e5367a39508bbe420ab6c5bbc24,0
0x04dece845e6e4d010d18c91ff4f67b0e409add7c,0
0x19ceead7105607cd444f5ad10dd51356436095a1,0
0x745db24cbbe1141e254a00d25980cf5a5927ce59,0
0xce507e53b5d419d7e397344fd4358adc95ae6443,0
0x8ed42c6b766662801a66f2f766c2d31d2f13f4fe,0
0xb6139c45415e16686d8ecf9a800087ff7a75ff9f,0
0xed81871f3ace05b45f58a2ea94e26f74cb01bbe8,0
0x67a2efd5d08515bb839d1d265764af30773696f7,0
0xb043e4a23968d3d62e264bae11fbc5cb341f0bb0,0
0xfd3dd3b9fd276d4e1fbc0b6133481d0e953bd703,0
0xb2995b1e00ef2acca03faa4d33dd74daba5dee8c,0
0x18055716ba1d4566c09585ac67569672b37eed3c,0
0x767e095f6549050b4e9a3bcce18aadd28bef486f,0
0x8702ea9d99912151afed1a126304faf3b030263d,0
0x4f1aba2d975dac0ea352eeb00c51be8f236a84db,0
0xc24e93470b1591ed82f496836501b4af49249fa9,0
0xaffb1959694ca4a28ae70ea115116abb88de627a,0
0xa68914d18f9462f82529bd29480b937a8e725f96,0
0x406204fe45abbe6ce8f32322221a650d58cb8ebf,0
0x20a382be523f61a1a872fc5b544071dadc3aeff5,0
0x261542aebeef60ff232a11c68d1dc66a6097d6f0,0
0x051d74db361e2551f22a53a0e7cb5546e482ec87,0
0x6352a56caadc4f1e25cd6c75970fa768a3304e64,0
0xa7c147e5070f9c42f040fa4e8a83fff75df17a50,0
0x0f789ab9b01dddffd44b408bca4910a93907f119,0
0x3053530abc03731bc78de738f607748435f4796d,0
0x4a83db88a65889b8303d1654291a416d181ed607,0
0xde205f7bbc912a07b27b04b806547ce65ade7e2d,0
0xa579630933438e5ca54c8511fecf0c6c7f56d715,0
0x9c0fbd790e70c7659e262ff15359f725b51bf611,0
0x9c66a9008e55a7557fb457607f3f028762326a4a,0
0x14c3b68e5855b60263b10ec0fce54de3e28ad880,0
0x3812ec439923641a1f178b69e8c8115718f32bd6,0
0xd3597aa3fc8103c17939be037f59eb1ec9b1bccf,0
0x666ebad56ab4e3c5982c772f767c517fe75671a5,0
0x1944268bc47b0b53d0c15b0dfac860178e7b92d1,0
0x6af4ba357c00ef4315703caf5245ee5e79aba9b5,0
0x849232386709fef9dc07a7c8b9ca2622e21c372d,0
0x211e2fbf54538c4ec3371aa203491c50ee1b6a45,0
0x061b8ab90ca9ea5d9abb6d03dbb01ceeaf644a63,0
0x2cca08ae69e0c44b18a57ab2a87644234daebae4,0
0xc5e20e3a16834d37e1f81f495ba046b4accfe28e,0
0xa2938386dce0752dbeb8158c2e9d9e57322900bf,0
0x34999b428afed197da135183758791a6251f1829,0
0x40e46982ccc382de2272defc1cea3ad97668b5fb,0
0x01906b05f29dfbe9a052911ecc7e413916bc32f9,0
0xae3b1bba66ffd99d8f6684a462c6f984e0a0a8e0,0
0x73ed71af4f1336a26e783254259dc4c70bd3a4e1,0
0x10a7e331ad2a0831d6bf3f3bb20f748580168b68,0
0x99ecdb5e5aa1756f1c3f761b66e2925b9245638a,0
0x49931de7c2186e531a27de95beaa2ebb5f52e962,0
0x4d1ec124300b1f4e678ffff1286091c9b87a6616,0
0x26e2dfa0c5d0e052846c05d539d6effe69a9b590,0
0x38cd25321831a840a0b2a32b10e0e99658754063,0
0xdc8af9fa23da30dcce0c35a33db89a1e63235eb9,0
0xdf7a82915259758bbe0cd560eecad1c77804521d,0
0x7b94a4a03e0d2f9bf629b8733d6a55eb1c7dbf47,0
0x175ced3fb70dd8644d4065f3c4413240efc3d3d4,0
0x34611882bdc23da6e3ae9a7b161073fd97e495ad,0
0xba8b5341f413ded91d8fe4384a4a8aa51a8a26f1,0
0xb1acbf4adac95fc475f298ab8c1cc432d2013556,0
0x73ce60416035b8d7019f6399778c14ccf5c9c7a1,0
0x725e423341c6e6a47bc8f4f770c798fe43ef0673,0
0xcf4b7cdb447c2777fb91affc2d13568b9e268c0f,0
0xf0c0225887d8722af004241ff658900191bd0d50,0
0xe4f2a979089710d313414de439029e8c058c7cdb,0
0xab8d07cf687d60977d30abf615dd8142d86fe6dc,0
0x2146e2e6d1d7025ae0b37eb300a6262b43d05def,0
0xaf082599b1e59513d56baa3c97ea9d4a20321546,0
0x5093ef099346ffe58283207e221dada47bfd862a,0
0xd17e7602be8f78aeb62d769286784d6dd9a56742,0
0x2d7adf3fc4352b6f19948b7fb5065e089fd872dc,0
0x5fd8ed32d57e30a9502291d977365717b32b573e,0
0x76a0a7cc932f2a175b306305095f3e95e52ebcd1,0
0x6f9ca4f50edcb5f4c2fc44123e4f3eb33cabda44,0
0x435512bdfe6436172c77040a35cf2b271f92eb0b,0
0xfc89c4e436e208a0d4d71a7cf2d18aa6334335bb,0
0xe715c620a7810263c5f8fc1d2aa4392dcf4aadd4,0
0x6b2c0c7be2048daa9b5527982c29f48062b34d58,0
0x2bdf8a5e79032d076f72850dd667bf3d9fed851f,0
0xddfa17794fdd2903f16a496ebefb76a87355abd3,0
0xe2b27c3461420acc29d4717b6a7457c1f3045483,0
0x591c88c1546daabf951180aa33e5f23e307be5a2,0
0xc340674e65552ce09ea9f3da5e6cd529fd73fa82,0
0x0f0db86da8b02f3c159ad6a0cccea2cd10e95313,0
0x2a397b7e5c7875cb8136f5d9e762fd117b85e2b9,0
0x06e4cce672292cd3f899fdbfaa5824928aeefa61,0
0xbbb8e8dff2081409ac36b8f68d8f440c914f147e,0
0x0e5b12801cd92c7b33e27a9ff3a5ee2b92ec9dc0,0
0xbf913d29365f2a72a995b9573edb0ce8a0f0bd8a,0
0x5fe9673c4a7e0ca8ca96cddbd069739c656dbd4c,0
0x2c1c61cbab8f67c42abc023450bb18c2861d5246,0
0x2e3bb656a594e85bfc5d315054eb0123a9761f44,0
0xf6b23a5a467cb4208859846e28be882f7e3ca8ee,0
0x0292e1512395b953a2540954d5f7926a52db2f19,0
0x10e0069160efc35798c3a46a2044c7dcd8b02980,0
0x1f0c5b31e8846fafdd974c19bd4d59b1589f945d,0
0xa49a5f63411805d81364524f22f52dd2a58e9847,0
0xf75663aa55c0b83f4561847c03de89eede50ebcb,0
0x22a0b976b3c2f1f695e25a15b8449a785f17f8ae,0
0xe63076bf65670ccb946f8cf54c28a150720697a6,0
0x648e128e55fd928e43ffac1f8f4a7b0d84a55b98,0
0xbb8dfd52cf1e5e53c4bd2ef10ae4cbefd9c30d24,0
0xb5d1ea1f66f8e9759363db8034a7ba63ed6b6ef8,0
0x144c34673f20e755572f26bf4ea8915120d168e4,0
0xbb17299f88c1ab5891007524056cfcbef0775999,0
0x52068fa603971b650e6872291c8b30bd6ff8f92b,0
0xff7a61f03692f1f54284a9ab4577f30b9abd5591,0
0x3049f15495239e152858b4c638e1c234a385a84f,0
0x49386069ceebb503af008cd21944363da02a4945,0
0xff9b0b8bd4ebbc9e6420bcd115a8df599c92cf92,0
0x1690cdc674aa77bc7530dd3787a63f6322f94398,0
0x2c42fa4668f0ac1b0a95e91e4d814da786fe6f68,0
0xfb294f4d5e4d72f158d02e7c2d2119007ad06bdc,0
0xa19e13858b2d737801b2c7a42226a880aa302b15,0
0xaff4d0744962f70ca5fd202ebde285262176914a,0
0x0d948d56703a4ebb3aa9285b6e69518859ee33a5,0
0x57dcb0ecb42c58321c3e31faa0bae15488e87b86,0
0xb58febad2623f4eee844b4c91e529fb9d9d02f35,0
0x6a9522ac6dad20ad69a2185441da9b8266291d1f,0
0x6d9b541a3027a275a7853471f63302437153cecd,0
0x8eae44b07574a9c8a11a12512ec6f3a5700eb51a,0
0x93ec7be130e63eb017ef86aa3df06dad08ddfce8,0
0xc8dc4db49d42372c92f7e02a0ff07ed6bea1464e,0
0xf708e11a7c94abde8f6217b13e6fe39c8b9cc0a6,0
0x888888888889758f76e7103c6cbf23abbf58f946,0
0xd48f6c0763073afe8dfc3d5a3489ca7f509bd63b,0
0x36aedd1db053788e685b39aa58b566af7575a970,0
0xc81fa9e83e18e182f39c62be6f59f4f91ec3b9ff,0
0xda676308fa262ec792b6506ff3e7b4399c073d74,0
0x3938c0fb2fa1be7502019b404ba3e36fd059eff3,0
0x350fc9664f5dc6099a71876b7a6ef62084ed3c2d,0
0x045da4e38b7931b5dfa2b653037db85e45884ca7,0
0xd47686a200f27b49f38e7f701d0305312ae5b79b,0
0xfe5345a62746a5b60ae82bb6b58aedd885aa0407,0
0xc8612dc27872b0d52d600ce4c4e3ef1163766cb0,0
0x7bb5af2a8ba0b35a705b8c5107a3775e56900bc4,0
0x10a9d739495893620551baf75f655be68970dbde,0
0xf36139ed18f0cdc34222520d79dcc820249320a2,0
0x7cfdec71746e20dd3c3abbd9592b6aac1683381c,0
0xc866b8f1b5c9bee2cddf1b5a1dea7cf08f6bc667,0
0x23f2a6024ff004736525bdf5c6f2b0c388f169ed,0
0x427e38f8771ebcb1b93efee67473c8eeb632a0cc,0
0xabdb4f601670214721227df8bea35ea6da82485f,0
0xd23c732b6a971b88ef4ff71eb535ff9d699b5afc,0
0x8097f0b9f06c27af9579f75762f971d745bb222f,0
0x42df29bc6be8daa60948626001362a9b9aaacf8d,0
0xcaba34774594841708e2660ffa0824c2c843dbe8,0
0x0e4f91a05fa331eb66f244bd2d7a7b20f3816c6b,0
0x93852193e14d0b45abee827ef4cd95888baed86f,0
0xdc5bc231cf4a67939bcbc19c5cb562ab7fd11ae8,0
0x46123e2926fea1b20a17c3f3f8afe3ee98681197,0
0x7b5435a67510e84fd4235942c54f4c4fa2826b09,0
0xfc75f9b6db5263c6918988cd672cc456e90caa3c,0
0x45cded4ccd3db7879759ff702eaca7a58b8b8126,0
0x1896f43e432abc39aec9680096de7e5d6dbf6bde,0
0xf8725c2b0460786c26fe90d5cc3742b4bb044312,0
0xf8e0922f51e955532c4e52ea99b3ba2caedfb429,0
0x6e2e1c3c2823cc7a55837d962f45183ab2181cbc,0
0xced06c6b30d196f52dbe2d0b1226074532784382,0
0x165dfbcc3d1f21c8853e4ad0175ac1a22b2ee49e,0
0x69eb837d26c0245d4c86f7e845acbc66377816f1,0
0x667f7eee5946f81df879049dbc42d5cc74a6bee4,0
0x785080e94ca6101128db6f3a64d5c8238c8595a1,0
0x78db5675ea875b6aa9e0c38519dd6e7f95a9b6e1,0
0x951025ec98e53eacaaf936fd8d4b9252825b7c68,0
0xfdac2748713906ede00d023aa3e0cc893828d30b,0
0x44d9e66276d1c1fa38ea79e8ebb5095746c30d94,0
0x188bd20e43739a496e51c6e29a1b904153fd2e76,0
0x9aa5b2cd90912e144572a70a928aca30cc3d0535,0
0x70026d58b73a96a60c7a589021a596279519137a,0
0xffb46615068dfb855b79dde31cda8ec731096f59,0
0x29153fd9526bcb62e2861441317b1207058791db,0
0x15c10c77a88e821793eb7db2eef4eb58477b1b56,0
0x2a4cfeb576e72a737d6f7582c740d159913709f0,0
0x977c4c948aa88fae9b55b5a34c0438e0210cccb8,0
0xf304b6b3f9933e4f7158603b198b72db809d5e55,0
0x442d51d3f84a5e5307b6dbfb60e69b6be1b186a0,0
0x279c6c9467c812a7ea0b18c22fb542fae3dda487,0
0xb533f7eb3b8c6f59d1c053c012d83d85b80abe76,0
0x1d61699df3e39cd6d7e72d4cb832e95f0b06ab70,0
0xa12e2ae61d8e9ef5949066181fa2eee71a0629b1,0
0xd612c93dc177bf7999581c2fa33483a39f67d303,0
0x0fa06b4fd7909041aca4438c48d9cfec4405be4b,0
0x3bc68d02f8d9b357351ec70196184b1ba42f3e0c,0
0xde32fbbee0b9bcf4ea6c0e02022c0d9f4994f6e0,0
0x62b430ac35b6a68cc6beed5a54f68a3ad476dcc2,0
0xcee1715bac919318723513bd0e174041d0d50652,0
0x39ee21c723fc2bd6290ff56281812aac591b2ebd,0
0xd894480ff08246404c70251a3c8af4c8f1f29071,0
0x2a8a83adfb787026569736c53ccc25c494747f12,0
0x54998bbc34fae961ba17bcc58e07f7d1689b3b02,0
0xbe223041de64e2a118cb7cbbb2c62aa3f6a08d91,0
0x6f19da51d488926c007b9ebaa5968291a2ec6a63,0
0xd1910ad542986304116a85479d37cd541dfe6e11,0
0x64b9ea27b45869ea350e7b258d145a20128335fd,0
0xcf571b353e340cb715c3e2a854da95dae1d14143,0
0x54b854168dc92ace46914b2abb287d25d2b009fd,0
0xa6674b83c3caac251584021c9e95e4eefc4b416f,0
0x78d7f547a75c4ac4bf56246abab8c1d9805937c8,0
0x4f4f961a3e9fc5c8845c234e4b44baa4c76f0f32,0
0x69b470304bd2150f0d15580eccc845ba6db33fe1,0
0xecc569a50f1bdc7da1f66d4fce28be8b797aa353,0
0xf41a1300e9a49b89946c1f886b9743ab521a58fb,0
0x7467be799601d3da0acb713aea011ee1a3d04f07,0
0x93e36155f12450ca39a8465d04a9e71fc3f778c6,0
0x82b8ff11d4ea96dbc742fe0aba3664b9f1cb404a,0
0x12a61a5f57a893038547513082d60a4f2f2f4256,0
0x233f27a4e8cacd9a07e6066c017d996d5909bd46,0
0xeeb08ee4dce4b62403e8e1118416d3d9918c233d,0
0x7348032738f885885ae4486914d80b8f3b89f916,0
0xa4d4dede94f5c9d56f879bd91a9547d5fde248ab,0
0x0f0951d6f2e5ea379cdcbb704c4a47ea59f4f4a2,0
0xf681413b7716210649953ff6f0ff3b5952287979,0
0xb532d1aa81db156dc3c657bb8e1008b1e7ed4e2e,0
0x67986ff2ff7eee05b67191ab8ae0a6dc93690ff8,0
0x2e549104c516b8657a7d888494dfbabd7c70b464,0
0x9beffb2cbc9ed9c154dd279b48204e31a1bf8a40,0
0x7cb0a16cd66ee2b56ad0a30ee76fd2a66d0b7eae,0
0x9774784b7bdd115b82f20f89b1f923ecd7a12abb,0
0x2d6f3e56e2845c76e19f1b3d1ecca320f1eb175d,0
0xbd254e9a4eae0b03927d136e6860f54145494693,0
0x1b63b64fe91c68be2c538e753065a09394236da9,0
0x60f62e0f96aab9a807d6b6fbed94349752de8ba8,0
0x2c245bda67608e61ae16692858801f5ce079e25f,0
0xd6186e98ff811c44229214d85b28a75344eb76b0,0
0x728a2a312cb7cdbef929121163ec7941cd7ad20b,0
0x7609103b4b029e35d3521332ec508f12b4a8c50a,0
0xe857cbd6f12976a12b54d4082599fd7428b339f8,0
0xf3b4d00da1f47ffd45186ace41719211d5102eb7,0
0x51d0c88b3b67973c28fd8ff37131dfee02d57f91,0
0x5edca7f33868b11aca8f86999d2ad8b33988a88d,0
0x3612dc0373179c8b79f9cbabf996e9d4d9b36835,0
0x2fa2ab69c54ad2631606f1f1498322944958a6b8,0
0xf60b2a3eef464016a2fc36ad81bd654669aa0d6a,0
0x821ab83ffdba151a578b4b0cffaa0b0e32c3d7b7,0
0xf4de4bcf87e6e57481cb83ed6ef896b9a87c8b9e,0
0x05d1f45f45b5573290ffc087a0743eb6f894842b,0
0xd53ba3b5d9e0602d44a1c47a7db271f318b96046,0
0xf578e0480b35ce17bb86050c27b60c4489596aab,0
0x8c013784b1394918516e7953ec55af387ca73bb8,0
0x2d4783857d9cf03498e69e269076de8444c3ec3d,0
0x31566628fd4ad1ce5489becd0d95e0a665cac9a2,0
0xda9b54a9f3fee7a44db90655f789298836f4a214,0
0x00000000edb4489cb49fe07246f39345c9f838cd,0
0xcda4e7183dcede8c6684cea93d127d15d1ae29a8,0
0xda9884fdd3f37691c9057571e50a5beaf7b92b2f,0
0x74ef70337a4f2fdad3736f218071dc79a185a8ff,0
0x6ff5693b99212da76ad316178a184ab56d299b43,0
0x0c4c7cf20c933267ca7813500d27523e7bfd187b,0
0x98321bb52bffae6d1b933a78f9a09ab0007dd8a5,0
0xd73e1e017efd9453b14fdfb8fc1b29c73cc89385,0
0x118d34cf90a0e8dd7b3c69abf56fd4c62449bd58,0
0x68bdd0d8decbb911f222b12f98a1dcbdfd20f838,0
0x0572f394ccf5c1a111d7e46bc8a0abef58a85779,0
0x52a327c6b4608bfd657679b3d92fcaf956ca21ef,0
0x88ccb91aa762b420c0a997dc549bc330a45d0f8c,0
0x36885e8475aa632fd53a5f35c78ad8c1c358b149,0
0x2dcc8308e33e1d359c472076208f1341b9eb393b,0
0x680b2dc736c0191defc93559693d72406e90f207,0
0xa963806a78f9161bf329a7faad48bc332d290377,0
0xf2f4cbae43fdef42569fc4b9626b8835efd8e129,0
0x4105c41815468d7b280d766d507f484bc15bc881,0
0x1111111254eeb25477b68fb85ed929f73a960582,0
0xe80c02823bd611a7a099630f03a93101213346da,0
0x336d615ed4a45f17cc433c20b06355df60912906,0
0x053bd88ae6fb19ad94d6ac781dcfc178a463436c,0
0xd2fcbf649d85e13f12cdad295de62669034003ec,0
0xd79665bff7dae759f53024e41c403f342fac0788,0
0x849a11bc1bde686d151ba5431a088416de70a0d7,0
0x84a7059096a393f09f3d3f5771e4f25e2d1474ce,0
0x8fd6da149bd965e84313f38a82399a6b78ff2666,0
0x3333331a95b31f8c607579c12c3720e1c8715e5e,0
0x828b7ba0497273f515f0739e17da43b7aad105c6,0
0x073556627215c6c001926fd79b1bc772cee23eaf,0
0xcf755df8de656e95cdfb0f3235644ddd430630b2,0
0x055249948fa3225dd16916a0019ac639f6dc303b,0
0x1ffbb86c8c2ee39d94889f66b3907c90fcb37fca,0
0x2eea0c1ffd4a506367b16bd949638137a7d8fd0d,0
0xa55bb73b4a70966c0888e319a33748b425be969e,0
0x37c4f6fb4d7049c305833e27c0b8c1b9b4beedab,0
0x1c310f98adc87aea3036c7fa5cb70b692771dfdd,0
0x057d2fadcd2a4b3b9b8c3dd0c411f2a7701416e0,0
0xbe937d1b723a0585555ec991415300f61995be60,0
0xcdc85a68254b8a01c4da7dc6c1f2c8f5b64616bb,0
0x29ab7f647581d6e05ac66a399084e3e744c6dbec,0
0x24738e290eb86f40bcf45a3f5d9f3adc1b6bb050,0
0x08c8315549f059ab63e95d0c70770582e2fa80cb,0
0xca8a26356bcb47deb3c10be63465301b9c84c3b7,0
0x4a72125a6771a9d939ea7ad6c1eb2e963b5cc24a,0
0xcd22417eb52edd3675aa5f54f19f7f7efdca4e6b,0
0x7d24b9f30ca58b7d0f3d995ac67d8dd513f8fd93,0
0xe369b45fff52aea9b322200be70f03bee0b747e6,0
0x630bfad0e54ea867876e2735a9975e988a09795e,0
0x4bef3bf79c846ef014e0f3675432c58e56393cd9,0
0x9ca561076ff3b94498c4ee6f76ccff6c9f48f1c7,0
0x888e36e0fc53516a84ab38467e9098702ca59151,0
0x0c32b7d7fa8f9a7053b4f396869939cb14b8c0d9,0
0x6131b5fae19ea4f9d964eac0408e4408b66337b5,0
0xd8eecf3ef6b25fa469eca14883bb82139c6114dc,0
0xadf65840fb9b885271e209e658946f83c5549819,0
0xcbadf43d4e71dc73147d71bce953389590d70de1,0
0x5ce384d19e08a9c22bb1975a124d16a85a698efd,0
0xb97ca44a33f85ab762587d5bcf31c4c7429e5acb,0
0x692e0cf7123e96bcf5e1384dd0c79569f2cec133,0
0x061e323f0747476a3725af6127e5304b125c3071,0
0xe83a08921a663f69838123f960fbdd32b6c91b46,0
0x1d7ff85875e9675c73a1ade611093d8c67b08aa7,0
0xa3986b15dbb21059ab577ebe095894b96487de20,0
0xb403fbb2a5b0cbc647619f5c9cf2e8d6e1c043fa,0
0xdb8b4452cc6cd6ca6f6b573365f4f509d05c9d7d,0
0x2966e430c98ac3f0626c032cf65632515177a43d,0
0x7091202daa037cdc9f157db82653f4d90e6faad4,0
0x0fc2fbd3e8391744426c8be5228b668481c59532,0
0x4caf7f071187269fca94db3f2d8198e50388f5a5,0
0xdeddee0019045d044b3430e3c8879cf8815bf2c9,0
0x14e470829f7c255e486fa4765d1fff1e9dd23da9,0
0xcacd3ca37930dcf14a420656bad4a2abc17b269f,0
0xeafae7293709039a98825498a48c33872a857636,0
